{"cameraMode":{"drawMode":0,"name":"Shaded","section":"Shading Mode"},"sceneLighting":true,"audioPlay":false,"sceneViewState":{"showFog":true,"showMaterialUpdate":false,"showSkybox":true,"showFlares":true,"showImageEffects":true,"showParticleSystems":true},"in2DMode":false,"pivot":{"x":-16.81576156616211,"y":-7.117842197418213,"z":-9.495978355407715},"rotation":{"x":-0.14093491435050965,"y":0.6630148887634277,"z":-0.12909960746765138,"w":-0.723797619342804},"size":26.963455200195314,"orthographic":false}